{
    "epoch_t_loss": [
        1.9067595867400473,
        1.7759673240336966,
        1.6309500039891993,
        1.4537377717647146,
        1.3003646394039723,
        1.2000934189938484,
        1.1138502463381341,
        1.0454144518426125,
        0.9856543338045161,
        0.9148344273262835,
        0.8746043836816828,
        0.8275675309465287,
        0.795102344675267,
        0.7593486697115797,
        0.7293380127308217,
        0.6848588376603229,
        0.6575906633062566,
        0.6284447777778545,
        0.6178051736760647,
        0.5901343151609948,
        0.5724774619366261,
        0.5436448995103227,
        0.5231492882079266,
        0.5042900148858416,
        0.49658212623697645,
        0.4800306667672827,
        0.4623932913262793,
        0.44978524161146044,
        0.4239356644610141,
        0.4211654251560252,
        0.41876010596752167,
        0.39741590137177324,
        0.3907872451746717,
        0.3802287752958054,
        0.3703410457423393,
        0.36747954005890704,
        0.35187876021608394,
        0.3432550647791396,
        0.33794282167515854,
        0.3194413110296777,
        0.34102318458100583,
        0.31897984242185634,
        0.31301508843898773,
        0.30930120012861617,
        0.2983049421234334,
        0.2890824643855399,
        0.28367422216750204,
        0.2822241443902888
    ],
    "epoch_v_loss": [
        2.0087381190267104,
        1.6901750317935287,
        1.515734183377233,
        1.4421149492263794,
        1.227533488438047,
        1.2491206382883007,
        1.1141663789749146,
        1.1312101873858222,
        0.957393677070223,
        0.9704027607523161,
        0.921048626817506,
        0.8961021201363926,
        0.8716661683444319,
        0.9041651775097025,
        0.8101958056976055,
        0.8803407015471623,
        0.7766863046021297,
        0.7866877975135014,
        0.8277307748794556,
        0.7757883462412604,
        0.7823293167969276,
        0.7622465265208277,
        0.8579299963753799,
        0.7431783018441036,
        0.7692438651775492,
        0.7733583100910845,
        0.7654445089142898,
        0.7726071661916273,
        0.7082229092203337,
        0.7235760277715223,
        0.6995182612846638,
        0.7517796323217195,
        0.7044846908799534,
        0.7491061070869709,
        0.7313425972543913,
        0.6837289795793337,
        0.7448684059340378,
        0.7421888339108434,
        0.6894251796705969,
        0.6896121810222494,
        0.7211526961162172,
        0.7332068517290312,
        0.7146540335540114,
        0.7073440716184419,
        0.7043920364873163,
        0.7231607354920486,
        0.7113996435855997,
        0.7333921245459852
    ],
    "epoch_t_acc": [
        0.21288785460992907,
        0.26862810283687943,
        0.35677083333333337,
        0.44110150709219853,
        0.5072140957446809,
        0.5445478723404256,
        0.582280585106383,
        0.604720744680851,
        0.6353612588652482,
        0.6642952127659575,
        0.6759530141843971,
        0.6978723404255319,
        0.707845744680851,
        0.7211768617021277,
        0.7323803191489362,
        0.7486369680851064,
        0.7622894503546098,
        0.7742686170212766,
        0.7758976063829788,
        0.7872894503546098,
        0.7912677304964539,
        0.8051196808510638,
        0.8119902482269503,
        0.8186945921985816,
        0.8243794326241135,
        0.82926640070922,
        0.8331227836879433,
        0.8386081560283689,
        0.8518506205673758,
        0.8514627659574469,
        0.8515735815602837,
        0.8578125,
        0.8623116134751774,
        0.8644171099290779,
        0.8690270390070923,
        0.8710549645390072,
        0.8759973404255319,
        0.8787012411347519,
        0.8812610815602838,
        0.8884086879432624,
        0.8792885638297873,
        0.8908133865248226,
        0.8920323581560284,
        0.8912788120567375,
        0.8945811170212766,
        0.8967087765957447,
        0.9012078900709221,
        0.9026817375886524
    ],
    "epoch_v_acc": [
        0.2288716133004926,
        0.40343508092892333,
        0.4552416871921182,
        0.4727304714989444,
        0.5893736805066855,
        0.5420423557353976,
        0.6181771199859254,
        0.5991709183673469,
        0.6717210591133005,
        0.6652335503166784,
        0.6769440534834623,
        0.6912220707248417,
        0.7111134324419423,
        0.6790992258972554,
        0.7264690358902182,
        0.7041531052076002,
        0.729536857846587,
        0.7176614180154821,
        0.717914320900774,
        0.7377012227304716,
        0.7249571164672766,
        0.7208556914144968,
        0.6928769352568613,
        0.7346773838845884,
        0.7330390130190007,
        0.7132301196340606,
        0.7237585767065448,
        0.7267824155524278,
        0.7602480647431387,
        0.7387183321604504,
        0.7678956280788177,
        0.736458699859254,
        0.7571802427867699,
        0.7336822660098522,
        0.7521441766361717,
        0.7776763722730471,
        0.726760423997185,
        0.7426768121041519,
        0.7664441854327938,
        0.759500351864884,
        0.7481472114707952,
        0.7413078377902885,
        0.7587966220971146,
        0.7555033866995075,
        0.7561026565798733,
        0.7454917311752287,
        0.7536780876143561,
        0.7534691678395496
    ],
    "epoch_t_f1": [
        0.20941558839228,
        0.2578262724754043,
        0.3486332569142759,
        0.4368345402396589,
        0.5051541161889537,
        0.5431202818892399,
        0.5817858628680069,
        0.6047225410213816,
        0.6366109622616333,
        0.6649549929998265,
        0.6772483064507764,
        0.6992635808462015,
        0.7097372089400529,
        0.7225403332427625,
        0.7337728197955495,
        0.7502004542145343,
        0.7634200645413521,
        0.775402379196972,
        0.7773661631154939,
        0.7879353233627263,
        0.7919553775988636,
        0.8058988395810729,
        0.812718534781606,
        0.819362974412697,
        0.825198121473446,
        0.8301236975060182,
        0.833891024483535,
        0.8395542711690457,
        0.8524271232391429,
        0.8516489203906876,
        0.8520938816521147,
        0.8582273393788828,
        0.8627884117991879,
        0.8647168562923209,
        0.8693013257764179,
        0.8712889033535824,
        0.8761923663513145,
        0.8792035941331481,
        0.8817461941678667,
        0.8885776517965979,
        0.8795141642955492,
        0.8913527948757407,
        0.89275938933661,
        0.8915851044242671,
        0.8947418671847719,
        0.8970516871006752,
        0.901544754515211,
        0.9028001222006854
    ],