{
    "epoch_t_loss": [
        1.4786370828023652,
        1.0646230837573176,
        0.9553030380202682,
        0.8907332283151729,
        0.8367010519632598,
        0.7918686868284669,
        0.7296048657363637,
        0.7058324444172023,
        0.6810093352861721,
        0.652170044077022,
        0.6226588761257699,
        0.5964260137142123,
        0.5769279232567839,
        0.5500374260308493,
        0.5289952630734505,
        0.5174237949311581,
        0.497033974856062,
        0.48268149758848694,
        0.4719103913935249,
        0.45782427211551713,
        0.4351277341470694,
        0.43696831810809766,
        0.42069584855338193,
        0.4040914977831609,
        0.39639486040910493,
        0.39074798698163093
    ],
    "epoch_v_loss": [
        1.2719942495740693,
        1.4923056528486054,
        0.9483173448463966,
        1.085101224225143,
        0.8916707717139145,
        0.9193665200266344,
        0.9829218449263737,
        1.1828840231073314,
        0.8739406425377418,
        0.9055375518469975,
        0.8563878330691107,
        0.9787151340780587,
        0.8424184445677132,
        0.8056889053048759,
        0.904257883285654,
        0.929996761782416,
        0.8300273788386378,
        0.8429156418504387,
        0.861691717443795,
        0.8090346907747203,
        0.8514737610159249,
        0.9076232273003151,
        0.8701016553517046,
        0.8474432661615569,
        0.9200552249776905,
        0.8586435893486286
    ],
    "epoch_t_acc": [
        0.45841592071611253,
        0.601678388746803,
        0.6482097186700767,
        0.670843989769821,
        0.69221547314578,
        0.7089793797953964,
        0.7327085997442455,
        0.7428988171355498,
        0.7506234015345268,
        0.7614809782608696,
        0.7715353260869566,
        0.782928388746803,
        0.7896978900255756,
        0.7980059143222507,
        0.8073249680306905,
        0.8110973465473147,
        0.8205562659846547,
        0.822814098465473,
        0.8277213874680307,
        0.8336157289002558,
        0.8424672314578006,
        0.8411484974424553,
        0.846523337595908,
        0.8546875,
        0.8557544757033249,
        0.859786604859335
    ],
    "epoch_v_acc": [
        0.5299415024630542,
        0.4481329169598874,
        0.6663331280788177,
        0.619128254750176,
        0.681336866643209,
        0.6742500879662209,
        0.6563654556650247,
        0.5986596147079521,
        0.6981439127375089,
        0.6757015306122449,
        0.7011072748064744,
        0.665711866643209,
        0.7100578377902885,
        0.7074683321604504,
        0.6873900422237861,
        0.6978745161857847,
        0.7319834183673469,
        0.7156546885995778,
        0.7099148926812104,
        0.738344475721323,
        0.720707248416608,
        0.7163804099225897,
        0.7235056738212526,
        0.7304275158339198,
        0.7125263898662912,
        0.7326046798029557
    ],
    "epoch_t_f1": [
        0.4558399501171374,
        0.6008217729549964,
        0.6482403826381837,
        0.6712094264980689,
        0.6925975203041057,
        0.70957598663771,
        0.7329211370431731,
        0.743113484416625,
        0.750804420237864,
        0.7617346385981562,
        0.7717447483949322,
        0.7831196396552798,
        0.7898247941268939,
        0.7981899172962087,
        0.8074541089279871,
        0.811114379001531,
        0.8206228812142501,
        0.8228716976797449,
        0.8278509786679603,
        0.8336411311483053,
        0.8425835048230073,
        0.8411679152994569,
        0.8465833620670816,
        0.8547967168092436,
        0.8557832917416998,
        0.8597798942156817
    ],
    "epoch_v_f1": [
        0.5573237615830641,
        0.487071359474879,
        0.6738932134271616,
        0.6412380465471459,
        0.6884168911572363,
        0.68263942902486,
        0.6730441127676082,
        0.6302732733401893,
        0.7040542204948302,
        0.6935063539032228,
        0.7095367583748402,
        0.6784602926754655,
        0.7097428152490023,
        0.7113936912978354,
        0.7003797554351728,
        0.7067034876592234,
        0.7355264453055762,
        0.7243570518094248,
        0.7199057754738246,
        0.7416661025063619,
        0.725351089962428,
        0.7213273098050889,
        0.731415009469768,
        0.7336878859490388,
        0.7244279963116429,
        0.7373907222439902
    ]
}