{
    "epoch_t_loss": [
        1.8442912882946907,
        1.6250308128113442,
        1.3454191131794706,
        1.1584683654156136,
        1.0344190731961675,
        0.9461639072032685,
        0.8795978860652193,
        0.8325083194894993,
        0.7815456418280906,
        0.732366335645635,
        0.6911136403996894,
        0.6576401453068916,
        0.6255179847808594,
        0.5923568257626067,
        0.5646375878060118,
        0.5509988446184929,
        0.5136652725808164,
        0.4967756583335552,
        0.4758575102116199,
        0.4627252807008459,
        0.4350066015695004,
        0.4293658490510697,
        0.41971612255624,
        0.39530296851979924,
        0.38971434837960184,
        0.37993788776245524,
        0.35778031025795226,
        0.35037563195888033,
        0.3348632829620483,
        0.33345675221148957,
        0.31738592627200674,
        0.31741572662870937,
        0.3001277711163176,
        0.2989734889979058,
        0.28028770266695224,
        0.28339966475329503,
        0.27024722803146284,
        0.279911651541578,
        0.2625237947765817,
        0.25958849435791054,
        0.2542033113697742,
        0.2545262259688783,
        0.24625812394821897,
        0.23415239228213086,
        0.23369736281481196,
        0.2282058040195323,
        0.23458696004558116,
        0.21832669386838344,
        0.2224720779568591,
        0.21263224149638035,
        0.21502971820374753,
        0.21277763719888443,
        0.2041942389721566,
        0.2045265389883772,
        0.19998942994056865,
        0.1921992114091173,
        0.19599239674020322,
        0.1910179337605517,
        0.18670529453678333
    ],
    "epoch_v_loss": [
        1.79688456551782,
        1.3568749386688759,
        1.1342168553122158,
        1.0937457372402322,
        1.064811710653634,
        0.8986273325722793,
        0.8679020856988842,
        0.99779513786579,
        0.838424592182554,
        0.7697096775318014,
        0.8198869351682991,
        0.808395753646719,
        0.7627881272085781,
        0.738770554805624,
        0.7491503727847132,
        0.7665540843174375,
        0.7397853464915835,
        0.7276639773927885,
        0.7290013041989557,
        0.662467545476453,
        0.6894164167601486,
        0.6962290282907158,
        0.6484099051048016,
        0.693696965431345,
        0.6812298482862013,
        0.6579045057296753,
        0.6877819834084347,
        0.7496047369365034,
        0.6407095204139578,
        0.683667633040198,
        0.7011008385954232,
        0.6489848967256218,
        0.6421464558305412,
        0.7013140341331219,
        0.6505497488482245,
        0.6652293616327746,
        0.687252494795569,
        0.6463306833957804,
        0.6579844252816562,
        0.6624046327738926,
        0.6395123693449744,
        0.639083718431407,
        0.6414902960431987,
        0.6392342664044479,
        0.6401997198318613,
        0.6723085970714174,
        0.6327852452623433,
        0.6886695181501323,
        0.6463451303284744,
        0.6670646215307301,
        0.6403254989919991,
        0.6418925492927946,
        0.6773543892235592,
        0.6414264008916658,
        0.6784118681118406,
        0.6517165981490036,
        0.6682030291392885,
        0.6652113939153736,
        0.6948332940710003
    ],
    "epoch_t_acc": [
        0.22847960992907798,
        0.35777925531914895,
        0.48921764184397165,
        0.5644060283687944,
        0.6162344858156029,
        0.6487810283687944,
        0.6779366134751774,
        0.6942486702127659,
        0.7131427304964539,
        0.7354166666666667,
        0.7485261524822694,
        0.7644946808510639,
        0.7738031914893617,
        0.7870789007092199,
        0.7971963652482269,
        0.8011968085106383,
        0.8149490248226949,
        0.8218306737588652,
        0.8300864361702127,
        0.8336546985815604,
        0.8444924645390072,
        0.8500221631205673,
        0.8518395390070923,
        0.8591422872340425,
        0.861857269503546,
        0.8646054964539008,
        0.8723404255319149,
        0.8759751773049647,
        0.8840425531914894,
        0.8833000886524822,
        0.8883976063829787,
        0.8884751773049646,
        0.8926750886524822,
        0.896764184397163,
        0.9045323581560285,
        0.9013851950354609,
        0.9050310283687945,
        0.9028812056737587,
        0.9090425531914894,
        0.9106715425531915,
        0.9125886524822694,
        0.9113918439716311,
        0.9148271276595744,
        0.9195478723404256,
        0.9188829787234043,
        0.921232269503546,
        0.9184618794326241,
        0.9255873226950354,
        0.923082890070922,
        0.9264073581560285,
        0.9255208333333332,
        0.9268062943262412,
        0.9305740248226949,
        0.9303967198581561,
        0.9323138297872341,
        0.9350620567375886,
        0.9331892730496455,
        0.9346298758865248,
        0.935826684397163
    ],
    "epoch_v_acc": [
        0.2988102568613652,
        0.5122273047149895,
        0.5914024014778325,
        0.6314380277973257,
        0.6129761171710063,
        0.6844871569317381,
        0.6923601337086559,
        0.6375296885995778,
        0.7090242346938775,
        0.7335778061224489,
        0.7059784042927516,
        0.7024322660098522,
        0.723753078817734,
        0.7389877287121746,
        0.7315490851513019,
        0.7254574243490499,
        0.7372448979591837,
        0.7487464813511612,
        0.7504673205489092,
        0.7674173117522871,
        0.7521661681914145,
        0.7464043807178043,
        0.7759335415200563,
        0.7604130014074595,
        0.7683299612948628,
        0.7737783691062632,
        0.7613036593947924,
        0.7347598522167488,
        0.7885731878958481,
        0.7704246569317381,
        0.7655315358902182,
        0.7773025158339198,
        0.7854064039408868,
        0.7620293807178043,
        0.7947088318085855,
        0.7729921710063337,
        0.7639976249120338,
        0.7821296622097115,
        0.7788364268121042,
        0.7789188951442646,
        0.7842023662913441,
        0.7944999120337791,
        0.781612860661506,
        0.7981285186488388,
        0.794065578817734,
        0.7918279380717805,
        0.7935487772695284,
        0.7843892945109078,
        0.8008004926108374,
        0.7837680330752991,
        0.7965946076706545,
        0.7946648486981,
        0.7823770672061928,
        0.7926581192821957,
        0.7828773750879662,
        0.7939611189303308,
        0.7881608462350457,
        0.7880563863476425,
        0.7759115499648136
    ],