{
    "classification_report": {
        "alegria": {
            "precision": 0.9581749049429658,
            "recall": 0.850632911392405,
            "f1-score": 0.9012069736253912,
            "support": 1185.0
        },
        "disgusto": {
            "precision": 0.4444444444444444,
            "recall": 0.5,
            "f1-score": 0.47058823529411764,
            "support": 160.0
        },
        "enojo": {
            "precision": 0.6600985221674877,
            "recall": 0.8271604938271605,
            "f1-score": 0.7342465753424657,
            "support": 162.0
        },
        "miedo": {
            "precision": 0.5675675675675675,
            "recall": 0.5675675675675675,
            "f1-score": 0.5675675675675675,
            "support": 74.0
        },
        "seriedad": {
            "precision": 0.7805970149253731,
            "recall": 0.7691176470588236,
            "f1-score": 0.7748148148148148,
            "support": 680.0
        },
        "sorpresa": {
            "precision": 0.8073394495412844,
            "recall": 0.8024316109422492,
            "f1-score": 0.8048780487804879,
            "support": 329.0
        },
        "tristeza": {
            "precision": 0.7153024911032029,
            "recall": 0.8410041841004184,
            "f1-score": 0.7730769230769231,
            "support": 478.0
        },
        "accuracy": 0.7995436766623207,
        "macro avg": {
            "precision": 0.7047891992417609,
            "recall": 0.7368449164126607,
            "f1-score": 0.7180541626431097,
            "support": 3068.0
        },
        "weighted avg": {
            "precision": 0.8128486225082548,
            "recall": 0.7995436766623207,
            "f1-score": 0.8035795462686606,
            "support": 3068.0
        }
    },
    "confusion_matrix": [
        [
            1008,
            29,
            18,
            10,
            55,
            15,
            50
        ],
        [
            8,
            80,
            26,
            1,
            22,
            6,
            17
        ],
        [
            6,
            9,
            134,
            4,
            4,
            2,
            3
        ],
        [
            2,
            0,
            3,
            42,
            5,
            15,
            7
        ],
        [
            14,
            39,
            6,
            1,
            523,
            22,
            75
        ],
        [
            2,
            5,
            10,
            11,
            29,
            264,
            8
        ],
        [
            12,
            18,
            6,
            5,
            32,
            3,
            402
        ]
    ],
    "confusion_matrix_normalized": [
        [
            0.850632911392405,
            0.024472573839662448,
            0.015189873417721518,
            0.008438818565400843,
            0.046413502109704644,
            0.012658227848101266,
            0.04219409282700422
        ],
        [
            0.05,
            0.5,
            0.1625,
            0.00625,
            0.1375,
            0.0375,
            0.10625
        ],
        [
            0.037037037037037035,
            0.05555555555555555,
            0.8271604938271605,
            0.024691358024691357,
            0.024691358024691357,
            0.012345679012345678,
            0.018518518518518517
        ],
        [
            0.02702702702702703,
            0.0,
            0.04054054054054054,
            0.5675675675675675,
            0.06756756756756757,
            0.20270270270270271,
            0.0945945945945946
        ],
        [
            0.020588235294117647,
            0.057352941176470586,
            0.008823529411764706,
            0.0014705882352941176,
            0.7691176470588236,
            0.03235294117647059,
            0.11029411764705882
        ],
        [
            0.0060790273556231,
            0.015197568389057751,
            0.030395136778115502,
            0.03343465045592705,
            0.08814589665653495,
            0.8024316109422492,
            0.0243161094224924
        ],
        [
            0.02510460251046025,
            0.03765690376569038,
            0.012552301255230125,
            0.010460251046025104,
            0.06694560669456066,
            0.006276150627615063,
            0.8410041841004184
        ]
    ]
}